{
  "fieldFormatMap": "{\"@timestamp\":{\"id\":\"date\"}}",
  "fields": "[{\"aggregatable\":true,\"analyzed\":false,\"count\":0,\"doc_values\":true,\"indexed\":true,\"name\":\"beat.name\",\"scripted\":false,\"searchable\":true,\"type\":\"string\"},{\"aggregatable\":true,\"analyzed\":false,\"count\":0,\"doc_values\":true,\"indexed\":true,\"name\":\"beat.hostname\",\"scripted\":false,\"searchable\":true,\"type\":\"string\"},{\"aggregatable\":true,\"analyzed\":false,\"count\":0,\"doc_values\":true,\"indexed\":true,\"name\":\"beat.timezone\",\"scripted\":false,\"searchable\":true,\"type\":\"string\"},{\"aggregatable\":true,\"analyzed\":false,\"count\":0,\"doc_values\":true,\"indexed\":true,\"name\":\"beat.version\",\"scripted\":false,\"searchable\":true,\"type\":\"string\"},{\"aggregatable\":true,\"analyzed\":false,\"count\":0,\"doc_values\":true,\"indexed\":true,\"name\":\"@timestamp\",\"scripted\":false,\"searchable\":true,\"type\":\"date\"},{\"aggregatable\":true,\"analyzed\":false,\"count\":0,\"doc_values\":true,\"indexed\":true,\"name\":\"tags\",\"scripted\":false,\"searchable\":true,\"type\":\"string\"},{\"aggregatable\":true,\"analyzed\":false,\"count\":0,\"doc_values\":true,\"indexed\":true,\"name\":\"fields\",\"scripted\":false,\"searchable\":true},{\"aggregatable\":false,\"analyzed\":false,\"count\":0,\"doc_values\":true,\"indexed\":true,\"name\":\"error.message\",\"scripted\":false,\"searchable\":true,\"type\":\"string\"},{\"aggregatable\":true,\"analyzed\":false,\"count\":0,\"doc_values\":true,\"indexed\":true,\"name\":\"error.code\",\"scripted\":false,\"searchable\":true,\"type\":\"number\"},{\"aggregatable\":true,\"analyzed\":false,\"count\":0,\"doc_values\":true,\"indexed\":true,\"name\":\"error.type\",\"scripted\":false,\"searchable\":true,\"type\":\"string\"},{\"aggregatable\":true,\"analyzed\":false,\"count\":0,\"doc_values\":true,\"indexed\":true,\"name\":\"meta.cloud.provider\",\"scripted\":false,\"searchable\":true,\"type\":\"string\"},{\"aggregatable\":true,\"analyzed\":false,\"count\":0,\"doc_values\":true,\"indexed\":true,\"name\":\"meta.cloud.instance_id\",\"scripted\":false,\"searchable\":true,\"type\":\"string\"},{\"aggregatable\":true,\"analyzed\":false,\"count\":0,\"doc_values\":true,\"indexed\":true,\"name\":\"meta.cloud.instance_name\",\"scripted\":false,\"searchable\":true,\"type\":\"string\"},{\"aggregatable\":true,\"analyzed\":false,\"count\":0,\"doc_values\":true,\"indexed\":true,\"name\":\"meta.cloud.machine_type\",\"scripted\":false,\"searchable\":true,\"type\":\"string\"},{\"aggregatable\":true,\"analyzed\":false,\"count\":0,\"doc_values\":true,\"indexed\":true,\"name\":\"meta.cloud.availability_zone\",\"scripted\":false,\"searchable\":true,\"type\":\"string\"},{\"aggregatable\":true,\"analyzed\":false,\"count\":0,\"doc_values\":true,\"indexed\":true,\"name\":\"meta.cloud.project_id\",\"scripted\":false,\"searchable\":true,\"type\":\"string\"},{\"aggregatable\":true,\"analyzed\":false,\"count\":0,\"doc_values\":true,\"indexed\":true,\"name\":\"meta.cloud.region\",\"scripted\":false,\"searchable\":true,\"type\":\"string\"},{\"aggregatable\":true,\"analyzed\":false,\"count\":0,\"doc_values\":true,\"indexed\":true,\"name\":\"docker.container.id\",\"scripted\":false,\"searchable\":true,\"type\":\"string\"},{\"aggregatable\":true,\"analyzed\":false,\"count\":0,\"doc_values\":true,\"indexed\":true,\"name\":\"docker.container.image\",\"scripted\":false,\"searchable\":true,\"type\":\"string\"},{\"aggregatable\":true,\"analyzed\":false,\"count\":0,\"doc_values\":true,\"indexed\":true,\"name\":\"docker.container.name\",\"scripted\":false,\"searchable\":true,\"type\":\"string\"},{\"aggregatable\":true,\"analyzed\":false,\"count\":0,\"doc_values\":true,\"indexed\":true,\"name\":\"docker.container.labels\",\"scripted\":false,\"searchable\":true},{\"aggregatable\":true,\"analyzed\":false,\"count\":0,\"doc_values\":true,\"indexed\":true,\"name\":\"kubernetes.pod.name\",\"scripted\":false,\"searchable\":true,\"type\":\"string\"},{\"aggregatable\":true,\"analyzed\":false,\"count\":0,\"doc_values\":true,\"indexed\":true,\"name\":\"kubernetes.namespace\",\"scripted\":false,\"searchable\":true,\"type\":\"string\"},{\"aggregatable\":true,\"analyzed\":false,\"count\":0,\"doc_values\":true,\"indexed\":true,\"name\":\"kubernetes.node.name\",\"scripted\":false,\"searchable\":true,\"type\":\"string\"},{\"aggregatable\":true,\"analyzed\":false,\"count\":0,\"doc_values\":true,\"indexed\":true,\"name\":\"kubernetes.labels\",\"scripted\":false,\"searchable\":true},{\"aggregatable\":true,\"analyzed\":false,\"count\":0,\"doc_values\":true,\"indexed\":true,\"name\":\"kubernetes.annotations\",\"scripted\":false,\"searchable\":true},{\"aggregatable\":true,\"analyzed\":false,\"count\":0,\"doc_values\":true,\"indexed\":true,\"name\":\"kubernetes.container.name\",\"scripted\":false,\"searchable\":true,\"type\":\"string\"},{\"aggregatable\":true,\"analyzed\":false,\"count\":0,\"doc_values\":true,\"indexed\":true,\"name\":\"kubernetes.container.image\",\"scripted\":false,\"searchable\":true,\"type\":\"string\"},{\"aggregatable\":true,\"analyzed\":false,\"count\":0,\"doc_values\":true,\"indexed\":true,\"name\":\"event.module\",\"scripted\":false,\"searchable\":true,\"type\":\"string\"},{\"aggregatable\":true,\"analyzed\":false,\"count\":0,\"doc_values\":true,\"indexed\":true,\"name\":\"event.action\",\"scripted\":false,\"searchable\":true,\"type\":\"string\"},{\"aggregatable\":false,\"analyzed\":false,\"count\":0,\"doc_values\":true,\"indexed\":true,\"name\":\"file.path\",\"scripted\":false,\"searchable\":true,\"type\":\"string\"},{\"aggregatable\":true,\"analyzed\":false,\"count\":0,\"doc_values\":true,\"indexed\":true,\"name\":\"file.path.raw\",\"scripted\":false,\"searchable\":true,\"type\":\"string\"},{\"aggregatable\":true,\"analyzed\":false,\"count\":0,\"doc_values\":true,\"indexed\":true,\"name\":\"file.target_path\",\"scripted\":false,\"searchable\":true,\"type\":\"string\"},{\"aggregatable\":true,\"analyzed\":false,\"count\":0,\"doc_values\":true,\"indexed\":true,\"name\":\"file.type\",\"scripted\":false,\"searchable\":true,\"type\":\"string\"},{\"aggregatable\":true,\"analyzed\":false,\"count\":0,\"doc_values\":true,\"indexed\":true,\"name\":\"file.device\",\"scripted\":false,\"searchable\":true,\"type\":\"string\"},{\"aggregatable\":true,\"analyzed\":false,\"count\":0,\"doc_values\":true,\"indexed\":true,\"name\":\"file.inode\",\"scripted\":false,\"searchable\":true,\"type\":\"string\"},{\"aggregatable\":true,\"analyzed\":false,\"count\":0,\"doc_values\":true,\"indexed\":true,\"name\":\"file.uid\",\"scripted\":false,\"searchable\":true,\"type\":\"string\"},{\"aggregatable\":true,\"analyzed\":false,\"count\":0,\"doc_values\":true,\"indexed\":true,\"name\":\"file.owner\",\"scripted\":false,\"searchable\":true,\"type\":\"string\"},{\"aggregatable\":true,\"analyzed\":false,\"count\":0,\"doc_values\":true,\"indexed\":true,\"name\":\"file.gid\",\"scripted\":false,\"searchable\":true,\"type\":\"string\"},{\"aggregatable\":true,\"analyzed\":false,\"count\":0,\"doc_values\":true,\"indexed\":true,\"name\":\"file.group\",\"scripted\":false,\"searchable\":true,\"type\":\"string\"},{\"aggregatable\":true,\"analyzed\":false,\"count\":0,\"doc_values\":true,\"indexed\":true,\"name\":\"file.mode\",\"scripted\":false,\"searchable\":true,\"type\":\"string\"},{\"aggregatable\":true,\"analyzed\":false,\"count\":0,\"doc_values\":true,\"indexed\":true,\"name\":\"file.setuid\",\"scripted\":false,\"searchable\":true},{\"aggregatable\":true,\"analyzed\":false,\"count\":0,\"doc_values\":true,\"indexed\":true,\"name\":\"file.setgid\",\"scripted\":false,\"searchable\":true},{\"aggregatable\":true,\"analyzed\":false,\"count\":0,\"doc_values\":true,\"indexed\":true,\"name\":\"file.size\",\"scripted\":false,\"searchable\":true,\"type\":\"number\"},{\"aggregatable\":true,\"analyzed\":false,\"count\":0,\"doc_values\":true,\"indexed\":true,\"name\":\"file.mtime\",\"scripted\":false,\"searchable\":true,\"type\":\"date\"},{\"aggregatable\":true,\"analyzed\":false,\"count\":0,\"doc_values\":true,\"indexed\":true,\"name\":\"file.ctime\",\"scripted\":false,\"searchable\":true,\"type\":\"date\"},{\"aggregatable\":false,\"analyzed\":false,\"count\":0,\"doc_values\":true,\"indexed\":true,\"name\":\"file.origin\",\"scripted\":false,\"searchable\":true,\"type\":\"string\"},{\"aggregatable\":true,\"analyzed\":false,\"count\":0,\"doc_values\":true,\"indexed\":true,\"name\":\"file.origin.raw\",\"scripted\":false,\"searchable\":true,\"type\":\"string\"},{\"aggregatable\":true,\"analyzed\":false,\"count\":0,\"doc_values\":true,\"indexed\":true,\"name\":\"file.selinux.user\",\"scripted\":false,\"searchable\":true,\"type\":\"string\"},{\"aggregatable\":true,\"analyzed\":false,\"count\":0,\"doc_values\":true,\"indexed\":true,\"name\":\"file.selinux.role\",\"scripted\":false,\"searchable\":true,\"type\":\"string\"},{\"aggregatable\":true,\"analyzed\":false,\"count\":0,\"doc_values\":true,\"indexed\":true,\"name\":\"file.selinux.domain\",\"scripted\":false,\"searchable\":true,\"type\":\"string\"},{\"aggregatable\":true,\"analyzed\":false,\"count\":0,\"doc_values\":true,\"indexed\":true,\"name\":\"file.selinux.level\",\"scripted\":false,\"searchable\":true,\"type\":\"string\"},{\"aggregatable\":true,\"analyzed\":false,\"count\":0,\"doc_values\":true,\"indexed\":true,\"name\":\"event.category\",\"scripted\":false,\"searchable\":true,\"type\":\"string\"},{\"aggregatable\":true,\"analyzed\":false,\"count\":0,\"doc_values\":true,\"indexed\":true,\"name\":\"event.type\",\"scripted\":false,\"searchable\":true,\"type\":\"string\"},{\"aggregatable\":true,\"analyzed\":false,\"count\":0,\"doc_values\":true,\"indexed\":true,\"name\":\"user.auid\",\"scripted\":false,\"searchable\":true,\"type\":\"string\"},{\"aggregatable\":true,\"analyzed\":false,\"count\":0,\"doc_values\":true,\"indexed\":true,\"name\":\"user.uid\",\"scripted\":false,\"searchable\":true,\"type\":\"string\"},{\"aggregatable\":true,\"analyzed\":false,\"count\":0,\"doc_values\":true,\"indexed\":true,\"name\":\"user.euid\",\"scripted\":false,\"searchable\":true,\"type\":\"string\"},{\"aggregatable\":true,\"analyzed\":false,\"count\":0,\"doc_values\":true,\"indexed\":true,\"name\":\"user.fsuid\",\"scripted\":false,\"searchable\":true,\"type\":\"string\"},{\"aggregatable\":true,\"analyzed\":false,\"count\":0,\"doc_values\":true,\"indexed\":true,\"name\":\"user.suid\",\"scripted\":false,\"searchable\":true,\"type\":\"string\"},{\"aggregatable\":true,\"analyzed\":false,\"count\":0,\"doc_values\":true,\"indexed\":true,\"name\":\"user.gid\",\"scripted\":false,\"searchable\":true,\"type\":\"string\"},{\"aggregatable\":true,\"analyzed\":false,\"count\":0,\"doc_values\":true,\"indexed\":true,\"name\":\"user.egid\",\"scripted\":false,\"searchable\":true,\"type\":\"string\"},{\"aggregatable\":true,\"analyzed\":false,\"count\":0,\"doc_values\":true,\"indexed\":true,\"name\":\"user.sgid\",\"scripted\":false,\"searchable\":true,\"type\":\"string\"},{\"aggregatable\":true,\"analyzed\":false,\"count\":0,\"doc_values\":true,\"indexed\":true,\"name\":\"user.fsgid\",\"scripted\":false,\"searchable\":true,\"type\":\"string\"},{\"aggregatable\":true,\"analyzed\":false,\"count\":0,\"doc_values\":true,\"indexed\":true,\"name\":\"user.name_map.auid\",\"scripted\":false,\"searchable\":true,\"type\":\"string\"},{\"aggregatable\":true,\"analyzed\":false,\"count\":0,\"doc_values\":true,\"indexed\":true,\"name\":\"user.name_map.uid\",\"scripted\":false,\"searchable\":true,\"type\":\"string\"},{\"aggregatable\":true,\"analyzed\":false,\"count\":0,\"doc_values\":true,\"indexed\":true,\"name\":\"user.name_map.euid\",\"scripted\":false,\"searchable\":true,\"type\":\"string\"},{\"aggregatable\":true,\"analyzed\":false,\"count\":0,\"doc_values\":true,\"indexed\":true,\"name\":\"user.name_map.fsuid\",\"scripted\":false,\"searchable\":true,\"type\":\"string\"},{\"aggregatable\":true,\"analyzed\":false,\"count\":0,\"doc_values\":true,\"indexed\":true,\"name\":\"user.name_map.suid\",\"scripted\":false,\"searchable\":true,\"type\":\"string\"},{\"aggregatable\":true,\"analyzed\":false,\"count\":0,\"doc_values\":true,\"indexed\":true,\"name\":\"user.name_map.gid\",\"scripted\":false,\"searchable\":true,\"type\":\"string\"},{\"aggregatable\":true,\"analyzed\":false,\"count\":0,\"doc_values\":true,\"indexed\":true,\"name\":\"user.name_map.egid\",\"scripted\":false,\"searchable\":true,\"type\":\"string\"},{\"aggregatable\":true,\"analyzed\":false,\"count\":0,\"doc_values\":true,\"indexed\":true,\"name\":\"user.name_map.sgid\",\"scripted\":false,\"searchable\":true,\"type\":\"string\"},{\"aggregatable\":true,\"analyzed\":false,\"count\":0,\"doc_values\":true,\"indexed\":true,\"name\":\"user.name_map.fsgid\",\"scripted\":false,\"searchable\":true,\"type\":\"string\"},{\"aggregatable\":true,\"analyzed\":false,\"count\":0,\"doc_values\":true,\"indexed\":true,\"name\":\"user.selinux.user\",\"scripted\":false,\"searchable\":true,\"type\":\"string\"},{\"aggregatable\":true,\"analyzed\":false,\"count\":0,\"doc_values\":true,\"indexed\":true,\"name\":\"user.selinux.role\",\"scripted\":false,\"searchable\":true,\"type\":\"string\"},{\"aggregatable\":true,\"analyzed\":false,\"count\":0,\"doc_values\":true,\"indexed\":true,\"name\":\"user.selinux.domain\",\"scripted\":false,\"searchable\":true,\"type\":\"string\"},{\"aggregatable\":true,\"analyzed\":false,\"count\":0,\"doc_values\":true,\"indexed\":true,\"name\":\"user.selinux.level\",\"scripted\":false,\"searchable\":true,\"type\":\"string\"},{\"aggregatable\":true,\"analyzed\":false,\"count\":0,\"doc_values\":true,\"indexed\":true,\"name\":\"user.selinux.category\",\"scripted\":false,\"searchable\":true,\"type\":\"string\"},{\"aggregatable\":true,\"analyzed\":false,\"count\":0,\"doc_values\":true,\"indexed\":true,\"name\":\"process.pid\",\"scripted\":false,\"searchable\":true,\"type\":\"string\"},{\"aggregatable\":true,\"analyzed\":false,\"count\":0,\"doc_values\":true,\"indexed\":true,\"name\":\"process.ppid\",\"scripted\":false,\"searchable\":true,\"type\":\"string\"},{\"aggregatable\":true,\"analyzed\":false,\"count\":0,\"doc_values\":true,\"indexed\":true,\"name\":\"process.name\",\"scripted\":false,\"searchable\":true,\"type\":\"string\"},{\"aggregatable\":true,\"analyzed\":false,\"count\":0,\"doc_values\":true,\"indexed\":true,\"name\":\"process.title\",\"scripted\":false,\"searchable\":true,\"type\":\"string\"},{\"aggregatable\":true,\"analyzed\":false,\"count\":0,\"doc_values\":true,\"indexed\":true,\"name\":\"process.exe\",\"scripted\":false,\"searchable\":true,\"type\":\"string\"},{\"aggregatable\":true,\"analyzed\":false,\"count\":0,\"doc_values\":true,\"indexed\":true,\"name\":\"process.cwd\",\"scripted\":false,\"searchable\":true,\"type\":\"string\"},{\"aggregatable\":true,\"analyzed\":false,\"count\":0,\"doc_values\":true,\"indexed\":true,\"name\":\"process.args\",\"scripted\":false,\"searchable\":true,\"type\":\"string\"},{\"aggregatable\":true,\"analyzed\":false,\"count\":0,\"doc_values\":true,\"indexed\":true,\"name\":\"source.ip\",\"scripted\":false,\"searchable\":true},{\"aggregatable\":true,\"analyzed\":false,\"count\":0,\"doc_values\":true,\"indexed\":true,\"name\":\"source.port\",\"scripted\":false,\"searchable\":true,\"type\":\"string\"},{\"aggregatable\":true,\"analyzed\":false,\"count\":0,\"doc_values\":true,\"indexed\":true,\"name\":\"source.hostname\",\"scripted\":false,\"searchable\":true,\"type\":\"string\"},{\"aggregatable\":true,\"analyzed\":false,\"count\":0,\"doc_values\":true,\"indexed\":true,\"name\":\"source.path\",\"scripted\":false,\"searchable\":true,\"type\":\"string\"},{\"aggregatable\":true,\"analyzed\":false,\"count\":0,\"doc_values\":true,\"indexed\":true,\"name\":\"destination.ip\",\"scripted\":false,\"searchable\":true},{\"aggregatable\":true,\"analyzed\":false,\"count\":0,\"doc_values\":true,\"indexed\":true,\"name\":\"destination.port\",\"scripted\":false,\"searchable\":true,\"type\":\"string\"},{\"aggregatable\":true,\"analyzed\":false,\"count\":0,\"doc_values\":true,\"indexed\":true,\"name\":\"destination.hostname\",\"scripted\":false,\"searchable\":true,\"type\":\"string\"},{\"aggregatable\":true,\"analyzed\":false,\"count\":0,\"doc_values\":true,\"indexed\":true,\"name\":\"destination.path\",\"scripted\":false,\"searchable\":true,\"type\":\"string\"},{\"aggregatable\":true,\"analyzed\":false,\"count\":0,\"doc_values\":true,\"indexed\":true,\"name\":\"network.direction\",\"scripted\":false,\"searchable\":true,\"type\":\"string\"},{\"aggregatable\":true,\"analyzed\":false,\"count\":0,\"doc_values\":true,\"indexed\":true,\"name\":\"auditd.sequence\",\"scripted\":false,\"searchable\":true,\"type\":\"number\"},{\"aggregatable\":true,\"analyzed\":false,\"count\":0,\"doc_values\":true,\"indexed\":true,\"name\":\"auditd.session\",\"scripted\":false,\"searchable\":true,\"type\":\"string\"},{\"aggregatable\":true,\"analyzed\":false,\"count\":0,\"doc_values\":true,\"indexed\":true,\"name\":\"auditd.result\",\"scripted\":false,\"searchable\":true,\"type\":\"string\"},{\"aggregatable\":true,\"analyzed\":false,\"count\":0,\"doc_values\":true,\"indexed\":true,\"name\":\"auditd.summary.actor.primary\",\"scripted\":false,\"searchable\":true,\"type\":\"string\"},{\"aggregatable\":true,\"analyzed\":false,\"count\":0,\"doc_values\":true,\"indexed\":true,\"name\":\"auditd.summary.actor.secondary\",\"scripted\":false,\"searchable\":true,\"type\":\"string\"},{\"aggregatable\":true,\"analyzed\":false,\"count\":0,\"doc_values\":true,\"indexed\":true,\"name\":\"auditd.summary.object.type\",\"scripted\":false,\"searchable\":true,\"type\":\"string\"},{\"aggregatable\":true,\"analyzed\":false,\"count\":0,\"doc_values\":true,\"indexed\":true,\"name\":\"auditd.summary.object.primary\",\"scripted\":false,\"searchable\":true,\"type\":\"string\"},{\"aggregatable\":true,\"analyzed\":false,\"count\":0,\"doc_values\":true,\"indexed\":true,\"name\":\"auditd.summary.object.secondary\",\"scripted\":false,\"searchable\":true,\"type\":\"string\"},{\"aggregatable\":true,\"analyzed\":false,\"count\":0,\"doc_values\":true,\"indexed\":true,\"name\":\"auditd.summary.how\",\"scripted\":false,\"searchable\":true,\"type\":\"string\"},{\"aggregatable\":true,\"analyzed\":false,\"count\":0,\"doc_values\":true,\"indexed\":true,\"name\":\"auditd.paths.inode\",\"scripted\":false,\"searchable\":true,\"type\":\"string\"},{\"aggregatable\":true,\"analyzed\":false,\"count\":0,\"doc_values\":true,\"indexed\":true,\"name\":\"auditd.paths.dev\",\"scripted\":false,\"searchable\":true,\"type\":\"string\"},{\"aggregatable\":true,\"analyzed\":false,\"count\":0,\"doc_values\":true,\"indexed\":true,\"name\":\"auditd.paths.obj_user\",\"scripted\":false,\"searchable\":true,\"type\":\"string\"},{\"aggregatable\":true,\"analyzed\":false,\"count\":0,\"doc_values\":true,\"indexed\":true,\"name\":\"auditd.paths.obj_role\",\"scripted\":false,\"searchable\":true,\"type\":\"string\"},{\"aggregatable\":true,\"analyzed\":false,\"count\":0,\"doc_values\":true,\"indexed\":true,\"name\":\"auditd.paths.obj_domain\",\"scripted\":false,\"searchable\":true,\"type\":\"string\"},{\"aggregatable\":true,\"analyzed\":false,\"count\":0,\"doc_values\":true,\"indexed\":true,\"name\":\"auditd.paths.obj_level\",\"scripted\":false,\"searchable\":true,\"type\":\"string\"},{\"aggregatable\":true,\"analyzed\":false,\"count\":0,\"doc_values\":true,\"indexed\":true,\"name\":\"auditd.paths.objtype\",\"scripted\":false,\"searchable\":true,\"type\":\"string\"},{\"aggregatable\":true,\"analyzed\":false,\"count\":0,\"doc_values\":true,\"indexed\":true,\"name\":\"auditd.paths.ouid\",\"scripted\":false,\"searchable\":true,\"type\":\"string\"},{\"aggregatable\":true,\"analyzed\":false,\"count\":0,\"doc_values\":true,\"indexed\":true,\"name\":\"auditd.paths.rdev\",\"scripted\":false,\"searchable\":true,\"type\":\"string\"},{\"aggregatable\":true,\"analyzed\":false,\"count\":0,\"doc_values\":true,\"indexed\":true,\"name\":\"auditd.paths.nametype\",\"scripted\":false,\"searchable\":true,\"type\":\"string\"},{\"aggregatable\":true,\"analyzed\":false,\"count\":0,\"doc_values\":true,\"indexed\":true,\"name\":\"auditd.paths.ogid\",\"scripted\":false,\"searchable\":true,\"type\":\"string\"},{\"aggregatable\":true,\"analyzed\":false,\"count\":0,\"doc_values\":true,\"indexed\":true,\"name\":\"auditd.paths.item\",\"scripted\":false,\"searchable\":true,\"type\":\"string\"},{\"aggregatable\":true,\"analyzed\":false,\"count\":0,\"doc_values\":true,\"indexed\":true,\"name\":\"auditd.paths.mode\",\"scripted\":false,\"searchable\":true,\"type\":\"string\"},{\"aggregatable\":true,\"analyzed\":false,\"count\":0,\"doc_values\":true,\"indexed\":true,\"name\":\"auditd.paths.name\",\"scripted\":false,\"searchable\":true,\"type\":\"string\"},{\"aggregatable\":true,\"analyzed\":false,\"count\":0,\"doc_values\":true,\"indexed\":true,\"name\":\"auditd.data.action\",\"scripted\":false,\"searchable\":true,\"type\":\"string\"},{\"aggregatable\":true,\"analyzed\":false,\"count\":0,\"doc_values\":true,\"indexed\":true,\"name\":\"auditd.data.minor\",\"scripted\":false,\"searchable\":true,\"type\":\"string\"},{\"aggregatable\":true,\"analyzed\":false,\"count\":0,\"doc_values\":true,\"indexed\":true,\"name\":\"auditd.data.acct\",\"scripted\":false,\"searchable\":true,\"type\":\"string\"},{\"aggregatable\":true,\"analyzed\":false,\"count\":0,\"doc_values\":true,\"indexed\":true,\"name\":\"auditd.data.addr\",\"scripted\":false,\"searchable\":true,\"type\":\"string\"},{\"aggregatable\":true,\"analyzed\":false,\"count\":0,\"doc_values\":true,\"indexed\":true,\"name\":\"auditd.data.cipher\",\"scripted\":false,\"searchable\":true,\"type\":\"string\"},{\"aggregatable\":true,\"analyzed\":false,\"count\":0,\"doc_values\":true,\"indexed\":true,\"name\":\"auditd.data.id\",\"scripted\":false,\"searchable\":true,\"type\":\"string\"},{\"aggregatable\":true,\"analyzed\":false,\"count\":0,\"doc_values\":true,\"indexed\":true,\"name\":\"auditd.data.entries\",\"scripted\":false,\"searchable\":true,\"type\":\"string\"},{\"aggregatable\":true,\"analyzed\":false,\"count\":0,\"doc_values\":true,\"indexed\":true,\"name\":\"auditd.data.kind\",\"scripted\":false,\"searchable\":true,\"type\":\"string\"},{\"aggregatable\":true,\"analyzed\":false,\"count\":0,\"doc_values\":true,\"indexed\":true,\"name\":\"auditd.data.ksize\",\"scripted\":false,\"searchable\":true,\"type\":\"string\"},{\"aggregatable\":true,\"analyzed\":false,\"count\":0,\"doc_values\":true,\"indexed\":true,\"name\":\"auditd.data.spid\",\"scripted\":false,\"searchable\":true,\"type\":\"string\"},{\"aggregatable\":true,\"analyzed\":false,\"count\":0,\"doc_values\":true,\"indexed\":true,\"name\":\"auditd.data.arch\",\"scripted\":false,\"searchable\":true,\"type\":\"string\"},{\"aggregatable\":true,\"analyzed\":false,\"count\":0,\"doc_values\":true,\"indexed\":true,\"name\":\"auditd.data.argc\",\"scripted\":false,\"searchable\":true,\"type\":\"string\"},{\"aggregatable\":true,\"analyzed\":false,\"count\":0,\"doc_values\":true,\"indexed\":true,\"name\":\"auditd.data.major\",\"scripted\":false,\"searchable\":true,\"type\":\"string\"},{\"aggregatable\":true,\"analyzed\":false,\"count\":0,\"doc_values\":true,\"indexed\":true,\"name\":\"auditd.data.unit\",\"scripted\":false,\"searchable\":true,\"type\":\"string\"},{\"aggregatable\":true,\"analyzed\":false,\"count\":0,\"doc_values\":true,\"indexed\":true,\"name\":\"auditd.data.table\",\"scripted\":false,\"searchable\":true,\"type\":\"string\"},{\"aggregatable\":true,\"analyzed\":false,\"count\":0,\"doc_values\":true,\"indexed\":true,\"name\":\"auditd.data.terminal\",\"scripted\":false,\"searchable\":true,\"type\":\"string\"},{\"aggregatable\":true,\"analyzed\":false,\"count\":0,\"doc_values\":true,\"indexed\":true,\"name\":\"auditd.data.grantors\",\"scripted\":false,\"searchable\":true,\"type\":\"string\"},{\"aggregatable\":true,\"analyzed\":false,\"count\":0,\"doc_values\":true,\"indexed\":true,\"name\":\"auditd.data.direction\",\"scripted\":false,\"searchable\":true,\"type\":\"string\"},{\"aggregatable\":true,\"analyzed\":false,\"count\":0,\"doc_values\":true,\"indexed\":true,\"name\":\"auditd.data.op\",\"scripted\":false,\"searchable\":true,\"type\":\"string\"},{\"aggregatable\":true,\"analyzed\":false,\"count\":0,\"doc_values\":true,\"indexed\":true,\"name\":\"auditd.data.tty\",\"scripted\":false,\"searchable\":true,\"type\":\"string\"},{\"aggregatable\":true,\"analyzed\":false,\"count\":0,\"doc_values\":true,\"indexed\":true,\"name\":\"auditd.data.syscall\",\"scripted\":false,\"searchable\":true,\"type\":\"string\"},{\"aggregatable\":true,\"analyzed\":false,\"count\":0,\"doc_values\":true,\"indexed\":true,\"name\":\"auditd.data.data\",\"scripted\":false,\"searchable\":true,\"type\":\"string\"},{\"aggregatable\":true,\"analyzed\":false,\"count\":0,\"doc_values\":true,\"indexed\":true,\"name\":\"auditd.data.family\",\"scripted\":false,\"searchable\":true,\"type\":\"string\"},{\"aggregatable\":true,\"analyzed\":false,\"count\":0,\"doc_values\":true,\"indexed\":true,\"name\":\"auditd.data.mac\",\"scripted\":false,\"searchable\":true,\"type\":\"string\"},{\"aggregatable\":true,\"analyzed\":false,\"count\":0,\"doc_values\":true,\"indexed\":true,\"name\":\"auditd.data.pfs\",\"scripted\":false,\"searchable\":true,\"type\":\"string\"},{\"aggregatable\":true,\"analyzed\":false,\"count\":0,\"doc_values\":true,\"indexed\":true,\"name\":\"auditd.data.items\",\"scripted\":false,\"searchable\":true,\"type\":\"string\"},{\"aggregatable\":true,\"analyzed\":false,\"count\":0,\"doc_values\":true,\"indexed\":true,\"name\":\"auditd.data.a0\",\"scripted\":false,\"searchable\":true,\"type\":\"string\"},{\"aggregatable\":true,\"analyzed\":false,\"count\":0,\"doc_values\":true,\"indexed\":true,\"name\":\"auditd.data.a1\",\"scripted\":false,\"searchable\":true,\"type\":\"string\"},{\"aggregatable\":true,\"analyzed\":false,\"count\":0,\"doc_values\":true,\"indexed\":true,\"name\":\"auditd.data.a2\",\"scripted\":false,\"searchable\":true,\"type\":\"string\"},{\"aggregatable\":true,\"analyzed\":false,\"count\":0,\"doc_values\":true,\"indexed\":true,\"name\":\"auditd.data.a3\",\"scripted\":false,\"searchable\":true,\"type\":\"string\"},{\"aggregatable\":true,\"analyzed\":false,\"count\":0,\"doc_values\":true,\"indexed\":true,\"name\":\"auditd.data.hostname\",\"scripted\":false,\"searchable\":true,\"type\":\"string\"},{\"aggregatable\":true,\"analyzed\":false,\"count\":0,\"doc_values\":true,\"indexed\":true,\"name\":\"auditd.data.lport\",\"scripted\":false,\"searchable\":true,\"type\":\"string\"},{\"aggregatable\":true,\"analyzed\":false,\"count\":0,\"doc_values\":true,\"indexed\":true,\"name\":\"auditd.data.rport\",\"scripted\":false,\"searchable\":true,\"type\":\"string\"},{\"aggregatable\":true,\"analyzed\":false,\"count\":0,\"doc_values\":true,\"indexed\":true,\"name\":\"auditd.data.exit\",\"scripted\":false,\"searchable\":true,\"type\":\"string\"},{\"aggregatable\":true,\"analyzed\":false,\"count\":0,\"doc_values\":true,\"indexed\":true,\"name\":\"auditd.data.fp\",\"scripted\":false,\"searchable\":true,\"type\":\"string\"},{\"aggregatable\":true,\"analyzed\":false,\"count\":0,\"doc_values\":true,\"indexed\":true,\"name\":\"auditd.data.laddr\",\"scripted\":false,\"searchable\":true,\"type\":\"string\"},{\"aggregatable\":true,\"analyzed\":false,\"count\":0,\"doc_values\":true,\"indexed\":true,\"name\":\"auditd.data.sport\",\"scripted\":false,\"searchable\":true,\"type\":\"string\"},{\"aggregatable\":true,\"analyzed\":false,\"count\":0,\"doc_values\":true,\"indexed\":true,\"name\":\"auditd.data.capability\",\"scripted\":false,\"searchable\":true,\"type\":\"string\"},{\"aggregatable\":true,\"analyzed\":false,\"count\":0,\"doc_values\":true,\"indexed\":true,\"name\":\"auditd.data.nargs\",\"scripted\":false,\"searchable\":true,\"type\":\"string\"},{\"aggregatable\":true,\"analyzed\":false,\"count\":0,\"doc_values\":true,\"indexed\":true,\"name\":\"auditd.data.new-enabled\",\"scripted\":false,\"searchable\":true,\"type\":\"string\"},{\"aggregatable\":true,\"analyzed\":false,\"count\":0,\"doc_values\":true,\"indexed\":true,\"name\":\"auditd.data.audit_backlog_limit\",\"scripted\":false,\"searchable\":true,\"type\":\"string\"},{\"aggregatable\":true,\"analyzed\":false,\"count\":0,\"doc_values\":true,\"indexed\":true,\"name\":\"auditd.data.dir\",\"scripted\":false,\"searchable\":true,\"type\":\"string\"},{\"aggregatable\":true,\"analyzed\":false,\"count\":0,\"doc_values\":true,\"indexed\":true,\"name\":\"auditd.data.cap_pe\",\"scripted\":false,\"searchable\":true,\"type\":\"string\"},{\"aggregatable\":true,\"analyzed\":false,\"count\":0,\"doc_values\":true,\"indexed\":true,\"name\":\"auditd.data.model\",\"scripted\":false,\"searchable\":true,\"type\":\"string\"},{\"aggregatable\":true,\"analyzed\":false,\"count\":0,\"doc_values\":true,\"indexed\":true,\"name\":\"auditd.data.new_pp\",\"scripted\":false,\"searchable\":true,\"type\":\"string\"},{\"aggregatable\":true,\"analyzed\":false,\"count\":0,\"doc_values\":true,\"indexed\":true,\"name\":\"auditd.data.old-enabled\",\"scripted\":false,\"searchable\":true,\"type\":\"string\"},{\"aggregatable\":true,\"analyzed\":false,\"count\":0,\"doc_values\":true,\"indexed\":true,\"name\":\"auditd.data.oauid\",\"scripted\":false,\"searchable\":true,\"type\":\"string\"},{\"aggregatable\":true,\"analyzed\":false,\"count\":0,\"doc_values\":true,\"indexed\":true,\"name\":\"auditd.data.old\",\"scripted\":false,\"searchable\":true,\"type\":\"string\"},{\"aggregatable\":true,\"analyzed\":false,\"count\":0,\"doc_values\":true,\"indexed\":true,\"name\":\"auditd.data.banners\",\"scripted\":false,\"searchable\":true,\"type\":\"string\"},{\"aggregatable\":true,\"analyzed\":false,\"count\":0,\"doc_values\":true,\"indexed\":true,\"name\":\"auditd.data.feature\",\"scripted\":false,\"searchable\":true,\"type\":\"string\"},{\"aggregatable\":true,\"analyzed\":false,\"count\":0,\"doc_values\":true,\"indexed\":true,\"name\":\"auditd.data.vm-ctx\",\"scripted\":false,\"searchable\":true,\"type\":\"string\"},{\"aggregatable\":true,\"analyzed\":false,\"count\":0,\"doc_values\":true,\"indexed\":true,\"name\":\"auditd.data.opid\",\"scripted\":false,\"searchable\":true,\"type\":\"string\"},{\"aggregatable\":true,\"analyzed\":false,\"count\":0,\"doc_values\":true,\"indexed\":true,\"name\":\"auditd.data.seperms\",\"scripted\":false,\"searchable\":true,\"type\":\"string\"},{\"aggregatable\":true,\"analyzed\":false,\"count\":0,\"doc_values\":true,\"indexed\":true,\"name\":\"auditd.data.seresult\",\"scripted\":false,\"searchable\":true,\"type\":\"string\"},{\"aggregatable\":true,\"analyzed\":false,\"count\":0,\"doc_values\":true,\"indexed\":true,\"name\":\"auditd.data.new-rng\",\"scripted\":false,\"searchable\":true,\"type\":\"string\"},{\"aggregatable\":true,\"analyzed\":false,\"count\":0,\"doc_values\":true,\"indexed\":true,\"name\":\"auditd.data.old-net\",\"scripted\":false,\"searchable\":true,\"type\":\"string\"},{\"aggregatable\":true,\"analyzed\":false,\"count\":0,\"doc_values\":true,\"indexed\":true,\"name\":\"auditd.data.sigev_signo\",\"scripted\":false,\"searchable\":true,\"type\":\"string\"},{\"aggregatable\":true,\"analyzed\":false,\"count\":0,\"doc_values\":true,\"indexed\":true,\"name\":\"auditd.data.ino\",\"scripted\":false,\"searchable\":true,\"type\":\"string\"},{\"aggregatable\":true,\"analyzed\":false,\"count\":0,\"doc_values\":true,\"indexed\":true,\"name\":\"auditd.data.old_enforcing\",\"scripted\":false,\"searchable\":true,\"type\":\"string\"},{\"aggregatable\":true,\"analyzed\":false,\"count\":0,\"doc_values\":true,\"indexed\":true,\"name\":\"auditd.data.old-vcpu\",\"scripted\":false,\"searchable\":true,\"type\":\"string\"},{\"aggregatable\":true,\"analyzed\":false,\"count\":0,\"doc_values\":true,\"indexed\":true,\"name\":\"auditd.data.range\",\"scripted\":false,\"searchable\":true,\"type\":\"string\"},{\"aggregatable\":true,\"analyzed\":false,\"count\":0,\"doc_values\":true,\"indexed\":true,\"name\":\"auditd.data.res\",\"scripted\":false,\"searchable\":true,\"type\":\"string\"},{\"aggregatable\":true,\"analyzed\":false,\"count\":0,\"doc_values\":true,\"indexed\":true,\"name\":\"auditd.data.added\",\"scripted\":false,\"searchable\":true,\"type\":\"string\"},{\"aggregatable\":true,\"analyzed\":false,\"count\":0,\"doc_values\":true,\"indexed\":true,\"name\":\"auditd.data.fam\",\"scripted\":false,\"searchable\":true,\"type\":\"string\"},{\"aggregatable\":true,\"analyzed\":false,\"count\":0,\"doc_values\":true,\"indexed\":true,\"name\":\"auditd.data.nlnk-pid\",\"scripted\":false,\"searchable\":true,\"type\":\"string\"},{\"aggregatable\":true,\"analyzed\":false,\"count\":0,\"doc_values\":true,\"indexed\":true,\"name\":\"auditd.data.subj\",\"scripted\":false,\"searchable\":true,\"type\":\"string\"},{\"aggregatable\":true,\"analyzed\":false,\"count\":0,\"doc_values\":true,\"indexed\":true,\"name\":\"auditd.data.a[0-3]\",\"scripted\":false,\"searchable\":true,\"type\":\"string\"},{\"aggregatable\":true,\"analyzed\":false,\"count\":0,\"doc_values\":true,\"indexed\":true,\"name\":\"auditd.data.cgroup\",\"scripted\":false,\"searchable\":true,\"type\":\"string\"},{\"aggregatable\":true,\"analyzed\":false,\"count\":0,\"doc_values\":true,\"indexed\":true,\"name\":\"auditd.data.kernel\",\"scripted\":false,\"searchable\":true,\"type\":\"string\"},{\"aggregatable\":true,\"analyzed\":false,\"count\":0,\"doc_values\":true,\"indexed\":true,\"name\":\"auditd.data.ocomm\",\"scripted\":false,\"searchable\":true,\"type\":\"string\"},{\"aggregatable\":true,\"analyzed\":false,\"count\":0,\"doc_values\":true,\"indexed\":true,\"name\":\"auditd.data.new-net\",\"scripted\":false,\"searchable\":true,\"type\":\"string\"},{\"aggregatable\":true,\"analyzed\":false,\"count\":0,\"doc_values\":true,\"indexed\":true,\"name\":\"auditd.data.permissive\",\"scripted\":false,\"searchable\":true,\"type\":\"string\"},{\"aggregatable\":true,\"analyzed\":false,\"count\":0,\"doc_values\":true,\"indexed\":true,\"name\":\"auditd.data.class\",\"scripted\":false,\"searchable\":true,\"type\":\"string\"},{\"aggregatable\":true,\"analyzed\":false,\"count\":0,\"doc_values\":true,\"indexed\":true,\"name\":\"auditd.data.compat\",\"scripted\":false,\"searchable\":true,\"type\":\"string\"},{\"aggregatable\":true,\"analyzed\":false,\"count\":0,\"doc_values\":true,\"indexed\":true,\"name\":\"auditd.data.fi\",\"scripted\":false,\"searchable\":true,\"type\":\"string\"},{\"aggregatable\":true,\"analyzed\":false,\"count\":0,\"doc_values\":true,\"indexed\":true,\"name\":\"auditd.data.changed\",\"scripted\":false,\"searchable\":true,\"type\":\"string\"},{\"aggregatable\":true,\"analyzed\":false,\"count\":0,\"doc_values\":true,\"indexed\":true,\"name\":\"auditd.data.msg\",\"scripted\":false,\"searchable\":true,\"type\":\"string\"},{\"aggregatable\":true,\"analyzed\":false,\"count\":0,\"doc_values\":true,\"indexed\":true,\"name\":\"auditd.data.dport\",\"scripted\":false,\"searchable\":true,\"type\":\"string\"},{\"aggregatable\":true,\"analyzed\":false,\"count\":0,\"doc_values\":true,\"indexed\":true,\"name\":\"auditd.data.new-seuser\",\"scripted\":false,\"searchable\":true,\"type\":\"string\"},{\"aggregatable\":true,\"analyzed\":false,\"count\":0,\"doc_values\":true,\"indexed\":true,\"name\":\"auditd.data.invalid_context\",\"scripted\":false,\"searchable\":true,\"type\":\"string\"},{\"aggregatable\":true,\"analyzed\":false,\"count\":0,\"doc_values\":true,\"indexed\":true,\"name\":\"auditd.data.dmac\",\"scripted\":false,\"searchable\":true,\"type\":\"string\"},{\"aggregatable\":true,\"analyzed\":false,\"count\":0,\"doc_values\":true,\"indexed\":true,\"name\":\"auditd.data.ipx-net\",\"scripted\":false,\"searchable\":true,\"type\":\"string\"},{\"aggregatable\":true,\"analyzed\":false,\"count\":0,\"doc_values\":true,\"indexed\":true,\"name\":\"auditd.data.iuid\",\"scripted\":false,\"searchable\":true,\"type\":\"string\"},{\"aggregatable\":true,\"analyzed\":false,\"count\":0,\"doc_values\":true,\"indexed\":true,\"name\":\"auditd.data.macproto\",\"scripted\":false,\"searchable\":true,\"type\":\"string\"},{\"aggregatable\":true,\"analyzed\":false,\"count\":0,\"doc_values\":true,\"indexed\":true,\"name\":\"auditd.data.obj\",\"scripted\":false,\"searchable\":true,\"type\":\"string\"},{\"aggregatable\":true,\"analyzed\":false,\"count\":0,\"doc_values\":true,\"indexed\":true,\"name\":\"auditd.data.ipid\",\"scripted\":false,\"searchable\":true,\"type\":\"string\"},{\"aggregatable\":true,\"analyzed\":false,\"count\":0,\"doc_values\":true,\"indexed\":true,\"name\":\"auditd.data.new-fs\",\"scripted\":false,\"searchable\":true,\"type\":\"string\"},{\"aggregatable\":true,\"analyzed\":false,\"count\":0,\"doc_values\":true,\"indexed\":true,\"name\":\"auditd.data.vm-pid\",\"scripted\":false,\"searchable\":true,\"type\":\"string\"},{\"aggregatable\":true,\"analyzed\":false,\"count\":0,\"doc_values\":true,\"indexed\":true,\"name\":\"auditd.data.cap_pi\",\"scripted\":false,\"searchable\":true,\"type\":\"string\"},{\"aggregatable\":true,\"analyzed\":false,\"count\":0,\"doc_values\":true,\"indexed\":true,\"name\":\"auditd.data.old-auid\",\"scripted\":false,\"searchable\":true,\"type\":\"string\"},{\"aggregatable\":true,\"analyzed\":false,\"count\":0,\"doc_values\":true,\"indexed\":true,\"name\":\"auditd.data.oses\",\"scripted\":false,\"searchable\":true,\"type\":\"string\"},{\"aggregatable\":true,\"analyzed\":false,\"count\":0,\"doc_values\":true,\"indexed\":true,\"name\":\"auditd.data.fd\",\"scripted\":false,\"searchable\":true,\"type\":\"string\"},{\"aggregatable\":true,\"analyzed\":false,\"count\":0,\"doc_values\":true,\"indexed\":true,\"name\":\"auditd.data.igid\",\"scripted\":false,\"searchable\":true,\"type\":\"string\"},{\"aggregatable\":true,\"analyzed\":false,\"count\":0,\"doc_values\":true,\"indexed\":true,\"name\":\"auditd.data.new-disk\",\"scripted\":false,\"searchable\":true,\"type\":\"string\"},{\"aggregatable\":true,\"analyzed\":false,\"count\":0,\"doc_values\":true,\"indexed\":true,\"name\":\"auditd.data.parent\",\"scripted\":false,\"searchable\":true,\"type\":\"string\"},{\"aggregatable\":true,\"analyzed\":false,\"count\":0,\"doc_values\":true,\"indexed\":true,\"name\":\"auditd.data.len\",\"scripted\":false,\"searchable\":true,\"type\":\"string\"},{\"aggregatable\":true,\"analyzed\":false,\"count\":0,\"doc_values\":true,\"indexed\":true,\"name\":\"auditd.data.oflag\",\"scripted\":false,\"searchable\":true,\"type\":\"string\"},{\"aggregatable\":true,\"analyzed\":false,\"count\":0,\"doc_values\":true,\"indexed\":true,\"name\":\"auditd.data.uuid\",\"scripted\":false,\"searchable\":true,\"type\":\"string\"},{\"aggregatable\":true,\"analyzed\":false,\"count\":0,\"doc_values\":true,\"indexed\":true,\"name\":\"auditd.data.code\",\"scripted\":false,\"searchable\":true,\"type\":\"string\"},{\"aggregatable\":true,\"analyzed\":false,\"count\":0,\"doc_values\":true,\"indexed\":true,\"name\":\"auditd.data.nlnk-grp\",\"scripted\":false,\"searchable\":true,\"type\":\"string\"},{\"aggregatable\":true,\"analyzed\":false,\"count\":0,\"doc_values\":true,\"indexed\":true,\"name\":\"auditd.data.cap_fp\",\"scripted\":false,\"searchable\":true,\"type\":\"string\"},{\"aggregatable\":true,\"analyzed\":false,\"count\":0,\"doc_values\":true,\"indexed\":true,\"name\":\"auditd.data.new-mem\",\"scripted\":false,\"searchable\":true,\"type\":\"string\"},{\"aggregatable\":true,\"analyzed\":false,\"count\":0,\"doc_values\":true,\"indexed\":true,\"name\":\"auditd.data.seperm\",\"scripted\":false,\"searchable\":true,\"type\":\"string\"},{\"aggregatable\":true,\"analyzed\":false,\"count\":0,\"doc_values\":true,\"indexed\":true,\"name\":\"auditd.data.enforcing\",\"scripted\":false,\"searchable\":true,\"type\":\"string\"},{\"aggregatable\":true,\"analyzed\":false,\"count\":0,\"doc_values\":true,\"indexed\":true,\"name\":\"auditd.data.new-chardev\",\"scripted\":false,\"searchable\":true,\"type\":\"string\"},{\"aggregatable\":true,\"analyzed\":false,\"count\":0,\"doc_values\":true,\"indexed\":true,\"name\":\"auditd.data.old-rng\",\"scripted\":false,\"searchable\":true,\"type\":\"string\"},{\"aggregatable\":true,\"analyzed\":false,\"count\":0,\"doc_values\":true,\"indexed\":true,\"name\":\"auditd.data.outif\",\"scripted\":false,\"searchable\":true,\"type\":\"string\"},{\"aggregatable\":true,\"analyzed\":false,\"count\":0,\"doc_values\":true,\"indexed\":true,\"name\":\"auditd.data.cmd\",\"scripted\":false,\"searchable\":true,\"type\":\"string\"},{\"aggregatable\":true,\"analyzed\":false,\"count\":0,\"doc_values\":true,\"indexed\":true,\"name\":\"auditd.data.hook\",\"scripted\":false,\"searchable\":true,\"type\":\"string\"},{\"aggregatable\":true,\"analyzed\":false,\"count\":0,\"doc_values\":true,\"indexed\":true,\"name\":\"auditd.data.new-level\",\"scripted\":false,\"searchable\":true,\"type\":\"string\"},{\"aggregatable\":true,\"analyzed\":false,\"count\":0,\"doc_values\":true,\"indexed\":true,\"name\":\"auditd.data.sauid\",\"scripted\":false,\"searchable\":true,\"type\":\"string\"},{\"aggregatable\":true,\"analyzed\":false,\"count\":0,\"doc_values\":true,\"indexed\":true,\"name\":\"auditd.data.sig\",\"scripted\":false,\"searchable\":true,\"type\":\"string\"},{\"aggregatable\":true,\"analyzed\":false,\"count\":0,\"doc_values\":true,\"indexed\":true,\"name\":\"auditd.data.audit_backlog_wait_time\",\"scripted\":false,\"searchable\":true,\"type\":\"string\"},{\"aggregatable\":true,\"analyzed\":false,\"count\":0,\"doc_values\":true,\"indexed\":true,\"name\":\"auditd.data.printer\",\"scripted\":false,\"searchable\":true,\"type\":\"string\"},{\"aggregatable\":true,\"analyzed\":false,\"count\":0,\"doc_values\":true,\"indexed\":true,\"name\":\"auditd.data.old-mem\",\"scripted\":false,\"searchable\":true,\"type\":\"string\"},{\"aggregatable\":true,\"analyzed\":false,\"count\":0,\"doc_values\":true,\"indexed\":true,\"name\":\"auditd.data.perm\",\"scripted\":false,\"searchable\":true,\"type\":\"string\"},{\"aggregatable\":true,\"analyzed\":false,\"count\":0,\"doc_values\":true,\"indexed\":true,\"name\":\"auditd.data.old_pi\",\"scripted\":false,\"searchable\":true,\"type\":\"string\"},{\"aggregatable\":true,\"analyzed\":false,\"count\":0,\"doc_values\":true,\"indexed\":true,\"name\":\"auditd.data.state\",\"scripted\":false,\"searchable\":true,\"type\":\"string\"},{\"aggregatable\":true,\"analyzed\":false,\"count\":0,\"doc_values\":true,\"indexed\":true,\"name\":\"auditd.data.format\",\"scripted\":false,\"searchable\":true,\"type\":\"string\"},{\"aggregatable\":true,\"analyzed\":false,\"count\":0,\"doc_values\":true,\"indexed\":true,\"name\":\"auditd.data.new_gid\",\"scripted\":false,\"searchable\":true,\"type\":\"string\"},{\"aggregatable\":true,\"analyzed\":false,\"count\":0,\"doc_values\":true,\"indexed\":true,\"name\":\"auditd.data.tcontext\",\"scripted\":false,\"searchable\":true,\"type\":\"string\"},{\"aggregatable\":true,\"analyzed\":false,\"count\":0,\"doc_values\":true,\"indexed\":true,\"name\":\"auditd.data.maj\",\"scripted\":false,\"searchable\":true,\"type\":\"string\"},{\"aggregatable\":true,\"analyzed\":false,\"count\":0,\"doc_values\":true,\"indexed\":true,\"name\":\"auditd.data.watch\",\"scripted\":false,\"searchable\":true,\"type\":\"string\"},{\"aggregatable\":true,\"analyzed\":false,\"count\":0,\"doc_values\":true,\"indexed\":true,\"name\":\"auditd.data.device\",\"scripted\":false,\"searchable\":true,\"type\":\"string\"},{\"aggregatable\":true,\"analyzed\":false,\"count\":0,\"doc_values\":true,\"indexed\":true,\"name\":\"auditd.data.grp\",\"scripted\":false,\"searchable\":true,\"type\":\"string\"},{\"aggregatable\":true,\"analyzed\":false,\"count\":0,\"doc_values\":true,\"indexed\":true,\"name\":\"auditd.data.bool\",\"scripted\":false,\"searchable\":true,\"type\":\"string\"},{\"aggregatable\":true,\"analyzed\":false,\"count\":0,\"doc_values\":true,\"indexed\":true,\"name\":\"auditd.data.icmp_type\",\"scripted\":false,\"searchable\":true,\"type\":\"string\"},{\"aggregatable\":true,\"analyzed\":false,\"count\":0,\"doc_values\":true,\"indexed\":true,\"name\":\"auditd.data.new_lock\",\"scripted\":false,\"searchable\":true,\"type\":\"string\"},{\"aggregatable\":true,\"analyzed\":false,\"count\":0,\"doc_values\":true,\"indexed\":true,\"name\":\"auditd.data.old_prom\",\"scripted\":false,\"searchable\":true,\"type\":\"string\"},{\"aggregatable\":true,\"analyzed\":false,\"count\":0,\"doc_values\":true,\"indexed\":true,\"name\":\"auditd.data.acl\",\"scripted\":false,\"searchable\":true,\"type\":\"string\"},{\"aggregatable\":true,\"analyzed\":false,\"count\":0,\"doc_values\":true,\"indexed\":true,\"name\":\"auditd.data.ip\",\"scripted\":false,\"searchable\":true,\"type\":\"string\"},{\"aggregatable\":true,\"analyzed\":false,\"count\":0,\"doc_values\":true,\"indexed\":true,\"name\":\"auditd.data.new_pi\",\"scripted\":false,\"searchable\":true,\"type\":\"string\"},{\"aggregatable\":true,\"analyzed\":false,\"count\":0,\"doc_values\":true,\"indexed\":true,\"name\":\"auditd.data.default-context\",\"scripted\":false,\"searchable\":true,\"type\":\"string\"},{\"aggregatable\":true,\"analyzed\":false,\"count\":0,\"doc_values\":true,\"indexed\":true,\"name\":\"auditd.data.inode_gid\",\"scripted\":false,\"searchable\":true,\"type\":\"string\"},{\"aggregatable\":true,\"analyzed\":false,\"count\":0,\"doc_values\":true,\"indexed\":true,\"name\":\"auditd.data.new-log_passwd\",\"scripted\":false,\"searchable\":true,\"type\":\"string\"},{\"aggregatable\":true,\"analyzed\":false,\"count\":0,\"doc_values\":true,\"indexed\":true,\"name\":\"auditd.data.new_pe\",\"scripted\":false,\"searchable\":true,\"type\":\"string\"},{\"aggregatable\":true,\"analyzed\":false,\"count\":0,\"doc_values\":true,\"indexed\":true,\"name\":\"auditd.data.selected-context\",\"scripted\":false,\"searchable\":true,\"type\":\"string\"},{\"aggregatable\":true,\"analyzed\":false,\"count\":0,\"doc_values\":true,\"indexed\":true,\"name\":\"auditd.data.cap_fver\",\"scripted\":false,\"searchable\":true,\"type\":\"string\"},{\"aggregatable\":true,\"analyzed\":false,\"count\":0,\"doc_values\":true,\"indexed\":true,\"name\":\"auditd.data.file\",\"scripted\":false,\"searchable\":true,\"type\":\"string\"},{\"aggregatable\":true,\"analyzed\":false,\"count\":0,\"doc_values\":true,\"indexed\":true,\"name\":\"auditd.data.net\",\"scripted\":false,\"searchable\":true,\"type\":\"string\"},{\"aggregatable\":true,\"analyzed\":false,\"count\":0,\"doc_values\":true,\"indexed\":true,\"name\":\"auditd.data.virt\",\"scripted\":false,\"searchable\":true,\"type\":\"string\"},{\"aggregatable\":true,\"analyzed\":false,\"count\":0,\"doc_values\":true,\"indexed\":true,\"name\":\"auditd.data.cap_pp\",\"scripted\":false,\"searchable\":true,\"type\":\"string\"},{\"aggregatable\":true,\"analyzed\":false,\"count\":0,\"doc_values\":true,\"indexed\":true,\"name\":\"auditd.data.old-range\",\"scripted\":false,\"searchable\":true,\"type\":\"string\"},{\"aggregatable\":true,\"analyzed\":false,\"count\":0,\"doc_values\":true,\"indexed\":true,\"name\":\"auditd.data.resrc\",\"scripted\":false,\"searchable\":true,\"type\":\"string\"},{\"aggregatable\":true,\"analyzed\":false,\"count\":0,\"doc_values\":true,\"indexed\":true,\"name\":\"auditd.data.new-range\",\"scripted\":false,\"searchable\":true,\"type\":\"string\"},{\"aggregatable\":true,\"analyzed\":false,\"count\":0,\"doc_values\":true,\"indexed\":true,\"name\":\"auditd.data.obj_gid\",\"scripted\":false,\"searchable\":true,\"type\":\"string\"},{\"aggregatable\":true,\"analyzed\":false,\"count\":0,\"doc_values\":true,\"indexed\":true,\"name\":\"auditd.data.proto\",\"scripted\":false,\"searchable\":true,\"type\":\"string\"},{\"aggregatable\":true,\"analyzed\":false,\"count\":0,\"doc_values\":true,\"indexed\":true,\"name\":\"auditd.data.old-disk\",\"scripted\":false,\"searchable\":true,\"type\":\"string\"},{\"aggregatable\":true,\"analyzed\":false,\"count\":0,\"doc_values\":true,\"indexed\":true,\"name\":\"auditd.data.audit_failure\",\"scripted\":false,\"searchable\":true,\"type\":\"string\"},{\"aggregatable\":true,\"analyzed\":false,\"count\":0,\"doc_values\":true,\"indexed\":true,\"name\":\"auditd.data.inif\",\"scripted\":false,\"searchable\":true,\"type\":\"string\"},{\"aggregatable\":true,\"analyzed\":false,\"count\":0,\"doc_values\":true,\"indexed\":true,\"name\":\"auditd.data.vm\",\"scripted\":false,\"searchable\":true,\"type\":\"string\"},{\"aggregatable\":true,\"analyzed\":false,\"count\":0,\"doc_values\":true,\"indexed\":true,\"name\":\"auditd.data.flags\",\"scripted\":false,\"searchable\":true,\"type\":\"string\"},{\"aggregatable\":true,\"analyzed\":false,\"count\":0,\"doc_values\":true,\"indexed\":true,\"name\":\"auditd.data.nlnk-fam\",\"scripted\":false,\"searchable\":true,\"type\":\"string\"},{\"aggregatable\":true,\"analyzed\":false,\"count\":0,\"doc_values\":true,\"indexed\":true,\"name\":\"auditd.data.old-fs\",\"scripted\":false,\"searchable\":true,\"type\":\"string\"},{\"aggregatable\":true,\"analyzed\":false,\"count\":0,\"doc_values\":true,\"indexed\":true,\"name\":\"auditd.data.old-ses\",\"scripted\":false,\"searchable\":true,\"type\":\"string\"},{\"aggregatable\":true,\"analyzed\":false,\"count\":0,\"doc_values\":true,\"indexed\":true,\"name\":\"auditd.data.seqno\",\"scripted\":false,\"searchable\":true,\"type\":\"string\"},{\"aggregatable\":true,\"analyzed\":false,\"count\":0,\"doc_values\":true,\"indexed\":true,\"name\":\"auditd.data.fver\",\"scripted\":false,\"searchable\":true,\"type\":\"string\"},{\"aggregatable\":true,\"analyzed\":false,\"count\":0,\"doc_values\":true,\"indexed\":true,\"name\":\"auditd.data.qbytes\",\"scripted\":false,\"searchable\":true,\"type\":\"string\"},{\"aggregatable\":true,\"analyzed\":false,\"count\":0,\"doc_values\":true,\"indexed\":true,\"name\":\"auditd.data.seuser\",\"scripted\":false,\"searchable\":true,\"type\":\"string\"},{\"aggregatable\":true,\"analyzed\":false,\"count\":0,\"doc_values\":true,\"indexed\":true,\"name\":\"auditd.data.cap_fe\",\"scripted\":false,\"searchable\":true,\"type\":\"string\"},{\"aggregatable\":true,\"analyzed\":false,\"count\":0,\"doc_values\":true,\"indexed\":true,\"name\":\"auditd.data.new-vcpu\",\"scripted\":false,\"searchable\":true,\"type\":\"string\"},{\"aggregatable\":true,\"analyzed\":false,\"count\":0,\"doc_values\":true,\"indexed\":true,\"name\":\"auditd.data.old-level\",\"scripted\":false,\"searchable\":true,\"type\":\"string\"},{\"aggregatable\":true,\"analyzed\":false,\"count\":0,\"doc_values\":true,\"indexed\":true,\"name\":\"auditd.data.old_pp\",\"scripted\":false,\"searchable\":true,\"type\":\"string\"},{\"aggregatable\":true,\"analyzed\":false,\"count\":0,\"doc_values\":true,\"indexed\":true,\"name\":\"auditd.data.daddr\",\"scripted\":false,\"searchable\":true,\"type\":\"string\"},{\"aggregatable\":true,\"analyzed\":false,\"count\":0,\"doc_values\":true,\"indexed\":true,\"name\":\"auditd.data.old-role\",\"scripted\":false,\"searchable\":true,\"type\":\"string\"},{\"aggregatable\":true,\"analyzed\":false,\"count\":0,\"doc_values\":true,\"indexed\":true,\"name\":\"auditd.data.ioctlcmd\",\"scripted\":false,\"searchable\":true,\"type\":\"string\"},{\"aggregatable\":true,\"analyzed\":false,\"count\":0,\"doc_values\":true,\"indexed\":true,\"name\":\"auditd.data.smac\",\"scripted\":false,\"searchable\":true,\"type\":\"string\"},{\"aggregatable\":true,\"analyzed\":false,\"count\":0,\"doc_values\":true,\"indexed\":true,\"name\":\"auditd.data.apparmor\",\"scripted\":false,\"searchable\":true,\"type\":\"string\"},{\"aggregatable\":true,\"analyzed\":false,\"count\":0,\"doc_values\":true,\"indexed\":true,\"name\":\"auditd.data.fe\",\"scripted\":false,\"searchable\":true,\"type\":\"string\"},{\"aggregatable\":true,\"analyzed\":false,\"count\":0,\"doc_values\":true,\"indexed\":true,\"name\":\"auditd.data.perm_mask\",\"scripted\":false,\"searchable\":true,\"type\":\"string\"},{\"aggregatable\":true,\"analyzed\":false,\"count\":0,\"doc_values\":true,\"indexed\":true,\"name\":\"auditd.data.ses\",\"scripted\":false,\"searchable\":true,\"type\":\"string\"},{\"aggregatable\":true,\"analyzed\":false,\"count\":0,\"doc_values\":true,\"indexed\":true,\"name\":\"auditd.data.cap_fi\",\"scripted\":false,\"searchable\":true,\"type\":\"string\"},{\"aggregatable\":true,\"analyzed\":false,\"count\":0,\"doc_values\":true,\"indexed\":true,\"name\":\"auditd.data.obj_uid\",\"scripted\":false,\"searchable\":true,\"type\":\"string\"},{\"aggregatable\":true,\"analyzed\":false,\"count\":0,\"doc_values\":true,\"indexed\":true,\"name\":\"auditd.data.reason\",\"scripted\":false,\"searchable\":true,\"type\":\"string\"},{\"aggregatable\":true,\"analyzed\":false,\"count\":0,\"doc_values\":true,\"indexed\":true,\"name\":\"auditd.data.list\",\"scripted\":false,\"searchable\":true,\"type\":\"string\"},{\"aggregatable\":true,\"analyzed\":false,\"count\":0,\"doc_values\":true,\"indexed\":true,\"name\":\"auditd.data.old_lock\",\"scripted\":false,\"searchable\":true,\"type\":\"string\"},{\"aggregatable\":true,\"analyzed\":false,\"count\":0,\"doc_values\":true,\"indexed\":true,\"name\":\"auditd.data.bus\",\"scripted\":false,\"searchable\":true,\"type\":\"string\"},{\"aggregatable\":true,\"analyzed\":false,\"count\":0,\"doc_values\":true,\"indexed\":true,\"name\":\"auditd.data.old_pe\",\"scripted\":false,\"searchable\":true,\"type\":\"string\"},{\"aggregatable\":true,\"analyzed\":false,\"count\":0,\"doc_values\":true,\"indexed\":true,\"name\":\"auditd.data.new-role\",\"scripted\":false,\"searchable\":true,\"type\":\"string\"},{\"aggregatable\":true,\"analyzed\":false,\"count\":0,\"doc_values\":true,\"indexed\":true,\"name\":\"auditd.data.prom\",\"scripted\":false,\"searchable\":true,\"type\":\"string\"},{\"aggregatable\":true,\"analyzed\":false,\"count\":0,\"doc_values\":true,\"indexed\":true,\"name\":\"auditd.data.uri\",\"scripted\":false,\"searchable\":true,\"type\":\"string\"},{\"aggregatable\":true,\"analyzed\":false,\"count\":0,\"doc_values\":true,\"indexed\":true,\"name\":\"auditd.data.audit_enabled\",\"scripted\":false,\"searchable\":true,\"type\":\"string\"},{\"aggregatable\":true,\"analyzed\":false,\"count\":0,\"doc_values\":true,\"indexed\":true,\"name\":\"auditd.data.old-log_passwd\",\"scripted\":false,\"searchable\":true,\"type\":\"string\"},{\"aggregatable\":true,\"analyzed\":false,\"count\":0,\"doc_values\":true,\"indexed\":true,\"name\":\"auditd.data.old-seuser\",\"scripted\":false,\"searchable\":true,\"type\":\"string\"},{\"aggregatable\":true,\"analyzed\":false,\"count\":0,\"doc_values\":true,\"indexed\":true,\"name\":\"auditd.data.per\",\"scripted\":false,\"searchable\":true,\"type\":\"string\"},{\"aggregatable\":true,\"analyzed\":false,\"count\":0,\"doc_values\":true,\"indexed\":true,\"name\":\"auditd.data.scontext\",\"scripted\":false,\"searchable\":true,\"type\":\"string\"},{\"aggregatable\":true,\"analyzed\":false,\"count\":0,\"doc_values\":true,\"indexed\":true,\"name\":\"auditd.data.tclass\",\"scripted\":false,\"searchable\":true,\"type\":\"string\"},{\"aggregatable\":true,\"analyzed\":false,\"count\":0,\"doc_values\":true,\"indexed\":true,\"name\":\"auditd.data.ver\",\"scripted\":false,\"searchable\":true,\"type\":\"string\"},{\"aggregatable\":true,\"analyzed\":false,\"count\":0,\"doc_values\":true,\"indexed\":true,\"name\":\"auditd.data.new\",\"scripted\":false,\"searchable\":true,\"type\":\"string\"},{\"aggregatable\":true,\"analyzed\":false,\"count\":0,\"doc_values\":true,\"indexed\":true,\"name\":\"auditd.data.val\",\"scripted\":false,\"searchable\":true,\"type\":\"string\"},{\"aggregatable\":true,\"analyzed\":false,\"count\":0,\"doc_values\":true,\"indexed\":true,\"name\":\"auditd.data.img-ctx\",\"scripted\":false,\"searchable\":true,\"type\":\"string\"},{\"aggregatable\":true,\"analyzed\":false,\"count\":0,\"doc_values\":true,\"indexed\":true,\"name\":\"auditd.data.old-chardev\",\"scripted\":false,\"searchable\":true,\"type\":\"string\"},{\"aggregatable\":true,\"analyzed\":false,\"count\":0,\"doc_values\":true,\"indexed\":true,\"name\":\"auditd.data.old_val\",\"scripted\":false,\"searchable\":true,\"type\":\"string\"},{\"aggregatable\":true,\"analyzed\":false,\"count\":0,\"doc_values\":true,\"indexed\":true,\"name\":\"auditd.data.success\",\"scripted\":false,\"searchable\":true,\"type\":\"string\"},{\"aggregatable\":true,\"analyzed\":false,\"count\":0,\"doc_values\":true,\"indexed\":true,\"name\":\"auditd.data.inode_uid\",\"scripted\":false,\"searchable\":true,\"type\":\"string\"},{\"aggregatable\":true,\"analyzed\":false,\"count\":0,\"doc_values\":true,\"indexed\":true,\"name\":\"auditd.data.removed\",\"scripted\":false,\"searchable\":true,\"type\":\"string\"},{\"aggregatable\":true,\"analyzed\":false,\"count\":0,\"doc_values\":true,\"indexed\":true,\"name\":\"auditd.data.socket.port\",\"scripted\":false,\"searchable\":true,\"type\":\"string\"},{\"aggregatable\":true,\"analyzed\":false,\"count\":0,\"doc_values\":true,\"indexed\":true,\"name\":\"auditd.data.socket.saddr\",\"scripted\":false,\"searchable\":true,\"type\":\"string\"},{\"aggregatable\":true,\"analyzed\":false,\"count\":0,\"doc_values\":true,\"indexed\":true,\"name\":\"auditd.data.socket.addr\",\"scripted\":false,\"searchable\":true,\"type\":\"string\"},{\"aggregatable\":true,\"analyzed\":false,\"count\":0,\"doc_values\":true,\"indexed\":true,\"name\":\"auditd.data.socket.family\",\"scripted\":false,\"searchable\":true,\"type\":\"string\"},{\"aggregatable\":true,\"analyzed\":false,\"count\":0,\"doc_values\":true,\"indexed\":true,\"name\":\"auditd.data.socket.path\",\"scripted\":false,\"searchable\":true,\"type\":\"string\"},{\"aggregatable\":false,\"analyzed\":false,\"count\":0,\"doc_values\":true,\"indexed\":true,\"name\":\"auditd.messages\",\"scripted\":false,\"searchable\":true,\"type\":\"string\"},{\"aggregatable\":true,\"analyzed\":false,\"count\":0,\"doc_values\":true,\"indexed\":true,\"name\":\"auditd.warnings\",\"scripted\":false,\"searchable\":true,\"type\":\"string\"},{\"aggregatable\":true,\"analyzed\":false,\"count\":0,\"doc_values\":true,\"indexed\":true,\"name\":\"geoip.continent_name\",\"scripted\":false,\"searchable\":true,\"type\":\"string\"},{\"aggregatable\":true,\"analyzed\":false,\"count\":0,\"doc_values\":true,\"indexed\":true,\"name\":\"geoip.city_name\",\"scripted\":false,\"searchable\":true,\"type\":\"string\"},{\"aggregatable\":true,\"analyzed\":false,\"count\":0,\"doc_values\":true,\"indexed\":true,\"name\":\"geoip.region_name\",\"scripted\":false,\"searchable\":true,\"type\":\"string\"},{\"aggregatable\":true,\"analyzed\":false,\"count\":0,\"doc_values\":true,\"indexed\":true,\"name\":\"geoip.country_iso_code\",\"scripted\":false,\"searchable\":true,\"type\":\"string\"},{\"aggregatable\":true,\"analyzed\":false,\"count\":0,\"doc_values\":true,\"indexed\":true,\"name\":\"geoip.location\",\"scripted\":false,\"searchable\":true,\"type\":\"geo_point\"},{\"aggregatable\":true,\"analyzed\":false,\"count\":0,\"doc_values\":true,\"indexed\":true,\"name\":\"hash.blake2b_256\",\"scripted\":false,\"searchable\":true,\"type\":\"string\"},{\"aggregatable\":true,\"analyzed\":false,\"count\":0,\"doc_values\":true,\"indexed\":true,\"name\":\"hash.blake2b_384\",\"scripted\":false,\"searchable\":true,\"type\":\"string\"},{\"aggregatable\":true,\"analyzed\":false,\"count\":0,\"doc_values\":true,\"indexed\":true,\"name\":\"hash.blake2b_512\",\"scripted\":false,\"searchable\":true,\"type\":\"string\"},{\"aggregatable\":true,\"analyzed\":false,\"count\":0,\"doc_values\":true,\"indexed\":true,\"name\":\"hash.md5\",\"scripted\":false,\"searchable\":true,\"type\":\"string\"},{\"aggregatable\":true,\"analyzed\":false,\"count\":0,\"doc_values\":true,\"indexed\":true,\"name\":\"hash.sha1\",\"scripted\":false,\"searchable\":true,\"type\":\"string\"},{\"aggregatable\":true,\"analyzed\":false,\"count\":0,\"doc_values\":true,\"indexed\":true,\"name\":\"hash.sha224\",\"scripted\":false,\"searchable\":true,\"type\":\"string\"},{\"aggregatable\":true,\"analyzed\":false,\"count\":0,\"doc_values\":true,\"indexed\":true,\"name\":\"hash.sha256\",\"scripted\":false,\"searchable\":true,\"type\":\"string\"},{\"aggregatable\":true,\"analyzed\":false,\"count\":0,\"doc_values\":true,\"indexed\":true,\"name\":\"hash.sha384\",\"scripted\":false,\"searchable\":true,\"type\":\"string\"},{\"aggregatable\":true,\"analyzed\":false,\"count\":0,\"doc_values\":true,\"indexed\":true,\"name\":\"hash.sha3_224\",\"scripted\":false,\"searchable\":true,\"type\":\"string\"},{\"aggregatable\":true,\"analyzed\":false,\"count\":0,\"doc_values\":true,\"indexed\":true,\"name\":\"hash.sha3_256\",\"scripted\":false,\"searchable\":true,\"type\":\"string\"},{\"aggregatable\":true,\"analyzed\":false,\"count\":0,\"doc_values\":true,\"indexed\":true,\"name\":\"hash.sha3_384\",\"scripted\":false,\"searchable\":true,\"type\":\"string\"},{\"aggregatable\":true,\"analyzed\":false,\"count\":0,\"doc_values\":true,\"indexed\":true,\"name\":\"hash.sha3_512\",\"scripted\":false,\"searchable\":true,\"type\":\"string\"},{\"aggregatable\":true,\"analyzed\":false,\"count\":0,\"doc_values\":true,\"indexed\":true,\"name\":\"hash.sha512\",\"scripted\":false,\"searchable\":true,\"type\":\"string\"},{\"aggregatable\":true,\"analyzed\":false,\"count\":0,\"doc_values\":true,\"indexed\":true,\"name\":\"hash.sha512_224\",\"scripted\":false,\"searchable\":true,\"type\":\"string\"},{\"aggregatable\":true,\"analyzed\":false,\"count\":0,\"doc_values\":true,\"indexed\":true,\"name\":\"hash.sha512_256\",\"scripted\":false,\"searchable\":true,\"type\":\"string\"},{\"aggregatable\":false,\"analyzed\":false,\"count\":0,\"doc_values\":false,\"indexed\":false,\"name\":\"_id\",\"scripted\":false,\"searchable\":false,\"type\":\"string\"},{\"aggregatable\":true,\"analyzed\":false,\"count\":0,\"doc_values\":false,\"indexed\":false,\"name\":\"_type\",\"scripted\":false,\"searchable\":true,\"type\":\"string\"},{\"aggregatable\":false,\"analyzed\":false,\"count\":0,\"doc_values\":false,\"indexed\":false,\"name\":\"_index\",\"scripted\":false,\"searchable\":false,\"type\":\"string\"},{\"aggregatable\":false,\"analyzed\":false,\"count\":0,\"doc_values\":false,\"indexed\":false,\"name\":\"_score\",\"scripted\":false,\"searchable\":false,\"type\":\"number\"}]",
  "timeFieldName": "@timestamp",
  "title": "auditbeat-*"
}