{
  "visState": "{\"aggs\":[{\"enabled\":true,\"id\":\"1\",\"params\":{\"customLabel\":\"\"},\"schema\":\"metric\",\"type\":\"count\"},{\"enabled\":true,\"id\":\"2\",\"params\":{\"customLabel\":\"Action\",\"field\":\"event.action\",\"order\":\"desc\",\"orderBy\":\"1\",\"size\":5},\"schema\":\"group\",\"type\":\"terms\"}],\"listeners\":{},\"params\":{\"addLegend\":false,\"addTooltip\":true,\"gauge\":{\"autoExtend\":false,\"backStyle\":\"Full\",\"colorSchema\":\"Green to Red\",\"colorsRange\":[{\"from\":0,\"to\":100}],\"extendRange\":false,\"gaugeColorMode\":\"None\",\"gaugeStyle\":\"Full\",\"gaugeType\":\"Metric\",\"invertColors\":false,\"labels\":{\"color\":\"black\",\"show\":true},\"orientation\":\"vertical\",\"percentageMode\":false,\"scale\":{\"color\":\"#333\",\"labels\":false,\"show\":true,\"width\":2},\"style\":{\"bgColor\":false,\"bgFill\":\"#000\",\"fontSize\":\"24\",\"labelColor\":false,\"subText\":\"\"},\"type\":\"simple\",\"useRange\":false,\"verticalSplit\":true},\"type\":\"gauge\"},\"title\":\"Actions [Auditbeat File Integrity]\",\"type\":\"metric\"}", 
  "description": "", 
  "title": "Actions [Auditbeat File Integrity]", 
  "uiStateJSON": "{\"vis\":{\"defaultColors\":{\"0 - 100\":\"rgb(0,104,55)\"}}}", 
  "version": 1, 
  "savedSearchId": "a380a060-cb44-11e7-9835-2f31fe08873b", 
  "kibanaSavedObjectMeta": {
    "searchSourceJSON": "{\"index\":\"auditbeat-*\",\"filter\":[]}"
  }
}