{
  "objects": [
    {
      "attributes": {
        "description": "",
        "kibanaSavedObjectMeta": {
          "searchSourceJSON": "{\n  \"filter\": [],\n  \"query\": {\n    \"query\": \"\",\n    \"language\": \"lucene\"\n  }\n}"
        },
        "savedSearchId": "d382f5b0-c1c6-11e7-8995-936807a28b16",
        "title": "Error Codes [Auditbeat Auditd Executions]",
        "uiStateJSON": "{}",
        "version": 1,
        "visState": "{\n  \"title\": \"Error Codes [Auditbeat Auditd Executions]\",\n  \"type\": \"pie\",\n  \"params\": {\n    \"type\": \"pie\",\n    \"addTooltip\": true,\n    \"addLegend\": true,\n    \"legendPosition\": \"right\",\n    \"isDonut\": true\n  },\n  \"aggs\": [\n    {\n      \"id\": \"1\",\n      \"enabled\": true,\n      \"type\": \"count\",\n      \"schema\": \"metric\",\n      \"params\": {}\n    },\n    {\n      \"id\": \"2\",\n      \"enabled\": true,\n      \"type\": \"terms\",\n      \"schema\": \"segment\",\n      \"params\": {\n        \"field\": \"auditd.data.exit\",\n        \"exclude\": \"0\",\n        \"size\": 10,\n        \"order\": \"desc\",\n        \"orderBy\": \"1\"\n      }\n    }\n  ]\n}"
      },
      "id": "20a8e8d0-c1c8-11e7-8995-936807a28b16",
      "type": "visualization",
      "updated_at": "2018-01-16T22:10:23.921Z",
      "version": 4
    },
    {
      "attributes": {
        "description": "",
        "kibanaSavedObjectMeta": {
          "searchSourceJSON": "{\n  \"index\": \"auditbeat-*\",\n  \"filter\": [],\n  \"query\": {\n    \"query\": \"\",\n    \"language\": \"lucene\"\n  }\n}"
        },
        "title": "Primary Username Tag Cloud [Auditbeat Auditd]",
        "uiStateJSON": "{}",
        "version": 1,
        "visState": "{\n  \"title\": \"Primary Username Tag Cloud [Auditbeat Auditd]\",\n  \"type\": \"tagcloud\",\n  \"params\": {\n    \"scale\": \"linear\",\n    \"orientation\": \"single\",\n    \"minFontSize\": 18,\n    \"maxFontSize\": 45\n  },\n  \"aggs\": [\n    {\n      \"id\": \"1\",\n      \"enabled\": true,\n      \"type\": \"count\",\n      \"schema\": \"metric\",\n      \"params\": {}\n    },\n    {\n      \"id\": \"2\",\n      \"enabled\": true,\n      \"type\": \"terms\",\n      \"schema\": \"segment\",\n      \"params\": {\n        \"field\": \"auditd.summary.actor.primary\",\n        \"size\": 10,\n        \"order\": \"desc\",\n        \"orderBy\": \"1\"\n      }\n    }\n  ]\n}"
      },
      "id": "f81a6de0-c1c1-11e7-8995-936807a28b16",
      "type": "visualization",
      "updated_at": "2018-01-16T22:12:18.730Z",
      "version": 3
    },
    {
      "attributes": {
        "description": "",
        "kibanaSavedObjectMeta": {
          "searchSourceJSON": "{\"filter\":[],\"query\":{\"query\":\"\",\"language\":\"lucene\"}}"
        },
        "savedSearchId": "d382f5b0-c1c6-11e7-8995-936807a28b16",
        "title": "Exe Name Tag Cloud [Auditbeat Auditd Executions]",
        "uiStateJSON": "{}",
        "version": 1,
        "visState": "{\"title\":\"Exe Name Tag Cloud [Auditbeat Auditd Executions]\",\"type\":\"tagcloud\",\"params\":{\"scale\":\"linear\",\"orientation\":\"single\",\"minFontSize\":14,\"maxFontSize\":45},\"aggs\":[{\"id\":\"1\",\"enabled\":true,\"type\":\"count\",\"schema\":\"metric\",\"params\":{}},{\"id\":\"2\",\"enabled\":true,\"type\":\"terms\",\"schema\":\"segment\",\"params\":{\"field\":\"process.exe\",\"size\":10,\"order\":\"desc\",\"orderBy\":\"1\"}}]}"
      },
      "id": "2efac370-c1ca-11e7-8995-936807a28b16",
      "type": "visualization",
      "updated_at": "2018-01-16T22:57:41.411Z",
      "version": 4
    },
    {
      "attributes": {
        "columns": [
          "beat.hostname",
          "process.args",
          "auditd.summary.actor.primary",
          "auditd.summary.actor.secondary",
          "process.exe"
        ],
        "description": "",
        "hits": 0,
        "kibanaSavedObjectMeta": {
          "searchSourceJSON": "{\"index\":\"auditbeat-*\",\"highlightAll\":true,\"version\":true,\"query\":{\"language\":\"lucene\",\"query\":\"*\"},\"filter\":[{\"$state\":{\"store\":\"appState\"},\"meta\":{\"alias\":null,\"disabled\":false,\"index\":\"auditbeat-*\",\"key\":\"event.module\",\"negate\":false,\"params\":{\"query\":\"auditd\",\"type\":\"phrase\"},\"type\":\"phrase\",\"value\":\"auditd\"},\"query\":{\"match\":{\"event.module\":{\"query\":\"auditd\",\"type\":\"phrase\"}}}},{\"$state\":{\"store\":\"appState\"},\"meta\":{\"alias\":null,\"disabled\":false,\"index\":\"auditbeat-*\",\"key\":\"event.action\",\"negate\":false,\"params\":{\"query\":\"executed\",\"type\":\"phrase\"},\"type\":\"phrase\",\"value\":\"executed\"},\"query\":{\"match\":{\"event.action\":{\"query\":\"executed\",\"type\":\"phrase\"}}}}]}"
        },
        "sort": [
          "@timestamp",
          "desc"
        ],
        "title": "Process Executions [Auditbeat Auditd]",
        "version": 1
      },
      "id": "d382f5b0-c1c6-11e7-8995-936807a28b16",
      "type": "search",
      "updated_at": "2018-01-16T22:26:35.050Z",
      "version": 5
    },
    {
      "attributes": {
        "description": "",
        "hits": 0,
        "kibanaSavedObjectMeta": {
          "searchSourceJSON": "{\"query\":{\"language\":\"lucene\",\"query\":\"\"},\"filter\":[],\"highlightAll\":true,\"version\":true}"
        },
        "optionsJSON": "{\"darkTheme\":false,\"useMargins\":false}",
        "panelsJSON": "[{\"gridData\":{\"h\":3,\"i\":\"1\",\"w\":4,\"x\":4,\"y\":0},\"id\":\"20a8e8d0-c1c8-11e7-8995-936807a28b16\",\"panelIndex\":\"1\",\"type\":\"visualization\",\"version\":\"7.0.0-alpha1-SNAPSHOT\"},{\"gridData\":{\"h\":3,\"i\":\"3\",\"w\":4,\"x\":8,\"y\":0},\"id\":\"f81a6de0-c1c1-11e7-8995-936807a28b16\",\"panelIndex\":\"3\",\"type\":\"visualization\",\"version\":\"7.0.0-alpha1-SNAPSHOT\"},{\"gridData\":{\"h\":3,\"i\":\"5\",\"w\":4,\"x\":0,\"y\":0},\"id\":\"2efac370-c1ca-11e7-8995-936807a28b16\",\"panelIndex\":\"5\",\"type\":\"visualization\",\"version\":\"7.0.0-alpha1-SNAPSHOT\"},{\"gridData\":{\"h\":5,\"i\":\"6\",\"w\":12,\"x\":0,\"y\":3},\"id\":\"d382f5b0-c1c6-11e7-8995-936807a28b16\",\"panelIndex\":\"6\",\"type\":\"search\",\"version\":\"7.0.0-alpha1-SNAPSHOT\"}]",
        "timeRestore": false,
        "title": "[Auditbeat Auditd] Executions",
        "version": 1
      },
      "id": "7de391b0-c1ca-11e7-8995-936807a28b16",
      "type": "dashboard",
      "updated_at": "2018-01-16T22:58:11.243Z",
      "version": 5
    }
  ],
  "version": "7.0.0-alpha1-SNAPSHOT"
}