{
  "visState": "{\n  \"title\": \"Events Over Time [Auditbeat File Integrity]\",\n  \"type\": \"histogram\",\n  \"params\": {\n    \"grid\": {\n      \"categoryLines\": false,\n      \"style\": {\n        \"color\": \"#eee\"\n      }\n    },\n    \"categoryAxes\": [\n      {\n        \"id\": \"CategoryAxis-1\",\n        \"type\": \"category\",\n        \"position\": \"bottom\",\n        \"show\": true,\n        \"style\": {},\n        \"scale\": {\n          \"type\": \"linear\"\n        },\n        \"labels\": {\n          \"show\": true,\n          \"truncate\": 100\n        },\n        \"title\": {\n          \"text\": \"@timestamp per 5 minutes\"\n        }\n      }\n    ],\n    \"valueAxes\": [\n      {\n        \"id\": \"ValueAxis-1\",\n        \"name\": \"LeftAxis-1\",\n        \"type\": \"value\",\n        \"position\": \"left\",\n        \"show\": true,\n        \"style\": {},\n        \"scale\": {\n          \"type\": \"linear\",\n          \"mode\": \"normal\",\n          \"defaultYExtents\": true\n        },\n        \"labels\": {\n          \"show\": true,\n          \"rotate\": 0,\n          \"filter\": false,\n          \"truncate\": 100\n        },\n        \"title\": {\n          \"text\": \"Count\"\n        }\n      }\n    ],\n    \"seriesParams\": [\n      {\n        \"show\": \"true\",\n        \"type\": \"histogram\",\n        \"mode\": \"stacked\",\n        \"data\": {\n          \"label\": \"Count\",\n          \"id\": \"1\"\n        },\n        \"valueAxis\": \"ValueAxis-1\",\n        \"drawLinesBetweenPoints\": true,\n        \"showCircles\": true\n      }\n    ],\n    \"addTooltip\": true,\n    \"addLegend\": true,\n    \"legendPosition\": \"left\",\n    \"times\": [],\n    \"addTimeMarker\": false,\n    \"type\": \"histogram\"\n  },\n  \"aggs\": [\n    {\n      \"id\": \"1\",\n      \"enabled\": true,\n      \"type\": \"count\",\n      \"schema\": \"metric\",\n      \"params\": {}\n    },\n    {\n      \"id\": \"2\",\n      \"enabled\": true,\n      \"type\": \"date_histogram\",\n      \"schema\": \"segment\",\n      \"params\": {\n        \"field\": \"@timestamp\",\n        \"interval\": \"auto\",\n        \"customInterval\": \"2h\",\n        \"min_doc_count\": 1,\n        \"extended_bounds\": {}\n      }\n    },\n    {\n      \"id\": \"3\",\n      \"enabled\": true,\n      \"type\": \"terms\",\n      \"schema\": \"group\",\n      \"params\": {\n        \"field\": \"event.action\",\n        \"size\": 10,\n        \"order\": \"desc\",\n        \"orderBy\": \"1\",\n        \"customLabel\": \"Action\"\n      }\n    }\n  ]\n}", 
  "description": "", 
  "title": "Events Over Time [Auditbeat File Integrity]", 
  "uiStateJSON": "{}", 
  "version": 1, 
  "savedSearchId": "a380a060-cb44-11e7-9835-2f31fe08873b", 
  "kibanaSavedObjectMeta": {
    "searchSourceJSON": ""
  }
}